"ProjectID","Name","Description","Column ID's"
"ce542f01-a7de-467d-90d0-1c1d380e0722","DBINSERT 6","checking if the Database registers input into UI","d4183fdf-a407-4526-b1bc-b37a97529108, 1c7b479b-f240-424a-bde2-920cf68b5c1b, 1eb3761f-adb4-437f-b4f5-b44db9aef36b"
"ccef01c4-a0d9-4da5-b9c4-a3a637946869","DB5","Testing","f1a37076-7df6-42d0-a406-7e7af98185d8"
"e8a386bc-6a4c-462e-90df-2471bd15a543","MELTDOWN","by Travis Scott and Drake","9656b748-30d6-4f88-9d35-d42030eb9a33"
"8aa67f28-b532-40cc-9e95-b01b9c89499e","New Project Name","New Project Description",""
"b959ab49-54a3-4ec4-be95-de2aec29767c","New Project Name","New Project Description",""
"02745349-ed61-454a-b3ea-186acf9c70b4","New Project Name","New Project Description",""
"4ae2e54e-f6e9-4ecf-a7a0-78cf7df06b96","New Project Name","New Project Description",""
"ee4890d3-fee3-48f3-b2af-b7a1b4bbe771","New Project Name","New Project Description",""
"d3f49ff2-0ff9-4632-ac6c-f21cefffb501","DB1","Changed DB1 name","c38bd87b-9c60-4aac-85dd-10567c30af94, 52b90186-8db8-42c7-b714-efc2f5baaeb8"
"635e2ea8-7c2b-43db-b031-839ce82f29f1","CIRCUS MAXIMUS","By Travis Scott","e2ae395f-cd97-425e-b1a9-09a6374d1513"
"eabfa91c-8ea9-4d20-b6ff-41dbe132a2ef","DBINSERT 3","checking if the Database registers input into UI","b443372c-9e99-432c-adf6-8b24cf8fa8d8, f485c782-728e-4957-89e5-91939082d01c"
"eaa3bc8e-02e9-468b-892e-981df97043d0","DB2","test","05b8f154-162f-4e7b-ba89-6ce2c09400be, 559423ef-1954-44aa-8976-8f42d4346f2d, 1f299ec4-b5ef-482a-afea-cbb4b8f45e4b"
"f5ec9688-4058-485c-a45b-a10a1ab1f61a","New Project Name","New Project Description","b4a86b29-dca1-4ba5-9dde-f719c6ead4f1"
