"ColumnID","Name","Task ID's","ProjectID"
"dbd3ef27-b36b-4e50-aaf2-a53672a5d204","kkdw","","1fc2f4b1-379f-45c6-93bc-c4b88b8d0af5"
"2ea9db77-4e85-42aa-a11f-f6734bfd81a6","Default Column","","ccef01c4-a0d9-4da5-b9c4-a3a637946869"
"ca8141f4-9b28-49dd-b0dd-d552e3468c9a","Default Column","","18aca796-f7e4-4583-947f-810492f1bd94"
"05b8f154-162f-4e7b-ba89-6ce2c09400be","Default Column","","eaa3bc8e-02e9-468b-892e-981df97043d0"
"f1a37076-7df6-42d0-a406-7e7af98185d8","Default Column","435f0b97-2a77-4009-8cc0-26f18e337400","ccef01c4-a0d9-4da5-b9c4-a3a637946869"
"9656b748-30d6-4f88-9d35-d42030eb9a33","Default Column","af30fe69-980a-416e-91fe-25f22f335a3b","e8a386bc-6a4c-462e-90df-2471bd15a543"
"b4c12fad-35cb-4a12-9925-2f6f193cb5eb","1","","d3f49ff2-0ff9-4632-ac6c-f21cefffb501"
"9daef39c-143d-49ce-b0b7-b695bdb12f87","2","","d3f49ff2-0ff9-4632-ac6c-f21cefffb501"
"e2ae395f-cd97-425e-b1a9-09a6374d1513","In Progress....","","635e2ea8-7c2b-43db-b031-839ce82f29f1"
"1c7b479b-f240-424a-bde2-920cf68b5c1b","Better Name For Column","adec68ae-bbb5-4bfa-a637-7646c924f717, 5c7edaa3-9c53-44f5-9d44-5e7aca6dce72","ce542f01-a7de-467d-90d0-1c1d380e0722"
"d4183fdf-a407-4526-b1bc-b37a97529108","Default Column","f5ad7625-b78c-4685-aa85-6dbaf958a42e, 8c8151d0-769c-4972-bd19-15510cccba73","ce542f01-a7de-467d-90d0-1c1d380e0722"
"1eb3761f-adb4-437f-b4f5-b44db9aef36b","Col 3","619ddcdd-b805-47fc-acaa-94594ad2a1e9, 6122de64-e18c-46f2-b7df-82e668a3432d","ce542f01-a7de-467d-90d0-1c1d380e0722"
"ae94d84e-a09d-411f-9acb-96f333e3ad0f","test","aed07e32-4e3c-44b6-9b89-0effebd22206","ce542f01-a7de-467d-90d0-1c1d380e0722"
"52b90186-8db8-42c7-b714-efc2f5baaeb8","DBInsert1 Test col UI","edf0e1bf-0e97-4a65-8600-570dfde94a7e","d3f49ff2-0ff9-4632-ac6c-f21cefffb501"
"c38bd87b-9c60-4aac-85dd-10567c30af94","ahsak","baa60e14-e50f-4098-9397-ca288ec197db, 7132fc12-6207-4c80-8090-4aaae619f517","d3f49ff2-0ff9-4632-ac6c-f21cefffb501"
"1f299ec4-b5ef-482a-afea-cbb4b8f45e4b","Done","ebbd7806-5148-4471-a70f-ad9e1e100f40, cb9da097-50e2-4d35-9ff8-799d52ba86c9","eaa3bc8e-02e9-468b-892e-981df97043d0"
"559423ef-1954-44aa-8976-8f42d4346f2d","NewColumn","7127445c-b8cd-4a93-8a6f-5d760a251daa","eaa3bc8e-02e9-468b-892e-981df97043d0"
"b4a86b29-dca1-4ba5-9dde-f719c6ead4f1","Default Column","","f5ec9688-4058-485c-a45b-a10a1ab1f61a"
"b443372c-9e99-432c-adf6-8b24cf8fa8d8","Renamed Default","","eabfa91c-8ea9-4d20-b6ff-41dbe132a2ef"
"f485c782-728e-4957-89e5-91939082d01c","To-Do","904b4db7-050e-4905-8f4f-5e6747888774","eabfa91c-8ea9-4d20-b6ff-41dbe132a2ef"
